first_name,last_name,age,salary,profession
Orlando,Morgan,26,129306,Professional Border Hopper
Evelyn,Weis,25,233457,Archaeologist
Natalie,Harper,95,145172,Obesity Lord
Harvard,Porter,55,6619,Hair Stylist
Carter,Esteban,93,131439,Traditional Curry Chomper
Ava,Campbell,86,50235,Interior Designer
Soham,Esteban,17,87381,Heart Seller
Evelyn,Porter,49,193319,Art Dealer
Camila,Kamat,15,44129,Crime Scene Investigator
Avery,Hill,35,199763,Mortician
Piper,Cox,34,149768,Wine Sommelier
Austin,Ward,87,186747,Art Dealer
Jade,Chambers,113,35198,Horchata Slurper
James,Bailey,10,5656,Obesity Lord
Mason,Jones,93,231126,Heart Seller
Colin,Jr,89,78347,Circus Performer
Hazel,Harper,93,207775,Movie Director
Harper,The IIII,57,81700,Translator
Sleepy,Johnson,112,123849,Meteorologist
Ella,The II,71,122667,Hair Stylist
Sleepy,Hill,110,196346,Barista
Ella,Ward,76,247410,Pilot
Ethan,The IIIII,64,24686,Acrobat
Emily,Ross,68,105928,Astrologer
Harper,Gonzalez,95,141483,Author
Levi,Edwards,62,113709,School Shooter
Emma,Wright,113,192082,Magician
Emma,Morgan,59,46894,Wine Sommelier
Jocelyn,Joe,14,186842,Surgeon
Your Mom,The III,16,-7763,Movie Director
Soham,Joe,118,129474,Fashion Designer
Joseph,Cox,5,137259,Barista
Jade,Williams,118,233316,Gardener
Connor,Foster,14,-4398,Mortician
Mia,Carcamo,61,39348,Doctor
Mary,Gonzalez,21,60180,Lifeguard
Sebastian,Peters,93,198759,Fitness Trainer
Hazel,Harris,38,123797,Paranormal Investigator
Amelia,Brown,71,28851,Taco Muncher
Charlotte,Morgan,15,9595,Astrologer
Avery,Mitchell,72,171407,Astronaut
Harper,Lopez,19,88901,Baker
Ella,Dixon,88,84639,Interior Designer
Emily,Biden,72,51220,Art Dealer
James,Mitchell,99,140092,Lifeguard
Ava,Edwards,80,191025,Event Planner
Levi,Wong,14,78237,Hair Stylist
Joel,Hayes,87,72566,Cartographer
Mia,Bailey,107,76651,Stand-up Comedian
Lucas,Dixon,99,116814,Interior Designer
Connor,Joe,54,78320,"Professional ""Mom"" investigator"
Mila,Lopez,32,206562,Astronaut
Emily,Porter,112,62164,Psychiatrist
Collin,Owens,24,56057,Magistrate
Isaac,Mitchell,71,149465,Archaeologist
Emily,Bailey,2,-5949,Interior Designer
Bartholomew,Hayes,41,18573,Surgeon
Mia,Peters,57,224802,Yoga Instructor
Jocelyn,Ross,120,161743,School Shooter
Liliana,Sullivan,113,211006,Surgeon
Your Mom,Edwards,68,132552,Wine Sommelier
Levi,Smith,46,39552,Baker
Connor,Mitchell,106,201733,Fitness Trainer
Liam,Smith,103,175313,Wine Sommelier
Abby,Kamat,51,-2092,Stand-up Comedian
Max,Edwards,46,108639,Graphic Designer
Sleepy,Weis,23,81825,Traditional Curry Chomper
Your Mom,Harper,9,-148,Interior Designer
Carter,Mitchell,39,20744,Tattoo Artist
Sleepy Joe,Jones,66,50327,Obesity Lord
Jillian,Ceja,26,102596,Robotics Engineer
Jillian,Harris,95,-16787,Lifeguard
Bartholomew,Perry,4,130010,Taco Muncher
Liliana,Harris,81,39662,Magistrate
Your Mom,Campbell,115,55738,Archaeologist
Joel,Chambers,120,32580,Psychiatrist
Joseph,Sullivan,33,132575,Historian
Emily,Wright,14,69995,Doctor
Austin,Sullivan,62,-10173,Gardener
Jillian,Porter,110,54416,Art Dealer
Hazel,Ceja,78,106527,Heart Seller
Soham,Jr,60,94294,Chef
Connor,Carcamo,36,102559,Interior Designer
Sleepy,Biden,57,183235,"Professional ""Mom"" investigator"
Jillian,Brown,10,59256,Lifeguard
Mary,Hill,94,60510,Meteorologist
Hazel,Wright,71,170447,Mortician
Jade,Brown,105,164680,Author
Max,Peters,66,79148,Psychiatrist
Charlotte,Joe,116,49608,Barista
Ethan,Bennett,111,229161,Acrobat
Soham,Biden,50,143606,Author
Liliana,Harper,120,157097,Professional Border Hopper
Abby,Mitchell,46,119788,Chocolatier
Bryce,Edwards,83,120775,Doctor
Jade,Cox,22,182905,Crime Scene Investigator
Abby,The IIII,29,131219,Surgeon
Max,The IIIII,88,115416,Hair Stylist
Sleepy,Gonzalez,85,20450,Chef
Liam,The III,49,198129,Professional Gamer
